id,generated
0000aaaa,0.3812856919692914
1111bbbb,0.3812856919692914
2222cccc,0.3812856919692914
